,NUTS1,name,date,week,mobility_change,mobility_change_7day_average,mobility_change_weekly
29,DE1,Baden-Württemberg,2020-03-01,9,0.023,0.0206,-0.0283
30,DE1,Baden-Württemberg,2020-03-02,10,0.0568,0.0341,0.0484
31,DE1,Baden-Württemberg,2020-03-03,10,0.0538,0.0411,0.0484
32,DE1,Baden-Württemberg,2020-03-04,10,0.0566,0.0418,0.0484
33,DE1,Baden-Württemberg,2020-03-05,10,0.0347,0.0497,0.0484
34,DE1,Baden-Württemberg,2020-03-06,10,0.041,0.0541,0.0484
35,DE1,Baden-Württemberg,2020-03-07,10,0.0264,0.0479,0.0484
36,DE1,Baden-Württemberg,2020-03-08,10,0.0785,0.0453,0.0484
37,DE1,Baden-Württemberg,2020-03-09,11,0.0876,0.0459,0.0185
38,DE1,Baden-Württemberg,2020-03-10,11,0.0105,0.0454,0.0185
39,DE1,Baden-Württemberg,2020-03-11,11,0.0382,0.0294,0.0185
40,DE1,Baden-Württemberg,2020-03-12,11,0.0391,0.0143,0.0185
41,DE1,Baden-Württemberg,2020-03-13,11,0.0379,0.0043,0.0185
42,DE1,Baden-Württemberg,2020-03-14,11,-0.0862,-0.0186,0.0185
43,DE1,Baden-Württemberg,2020-03-15,11,-0.027,-0.05,0.0185
44,DE1,Baden-Württemberg,2020-03-16,12,0.0176,-0.0874,-0.2311
45,DE1,Baden-Württemberg,2020-03-17,12,-0.1496,-0.1301,-0.2311
46,DE1,Baden-Württemberg,2020-03-18,12,-0.1815,-0.1871,-0.2311
47,DE1,Baden-Württemberg,2020-03-19,12,-0.2227,-0.245,-0.2311
48,DE1,Baden-Württemberg,2020-03-20,12,-0.2611,-0.2931,-0.2311
49,DE1,Baden-Württemberg,2020-03-21,12,-0.4855,-0.3208,-0.2311
50,DE1,Baden-Württemberg,2020-03-22,12,-0.4322,-0.3456,-0.2311
51,DE1,Baden-Württemberg,2020-03-23,13,-0.3188,-0.3644,-0.3609
52,DE1,Baden-Württemberg,2020-03-24,13,-0.3435,-0.3744,-0.3609
53,DE1,Baden-Württemberg,2020-03-25,13,-0.3555,-0.353,-0.3609
54,DE1,Baden-Württemberg,2020-03-26,13,-0.3541,-0.3707,-0.3609
55,DE1,Baden-Württemberg,2020-03-27,13,-0.3312,-0.3688,-0.3609
56,DE1,Baden-Württemberg,2020-03-28,13,-0.336,-0.3653,-0.3609
57,DE1,Baden-Württemberg,2020-03-29,13,-0.556,-0.3564,-0.3609
58,DE1,Baden-Württemberg,2020-03-30,14,-0.3057,-0.3459,-0.2892
59,DE1,Baden-Württemberg,2020-03-31,14,-0.3184,-0.3327,-0.2892
846,DE2,Bayern,2020-03-01,9,-0.0221,-0.0034,-0.0358
847,DE2,Bayern,2020-03-02,10,0.0304,0.0053,0.0109
848,DE2,Bayern,2020-03-03,10,0.015,0.0104,0.0109
849,DE2,Bayern,2020-03-04,10,0.0196,0.0041,0.0109
850,DE2,Bayern,2020-03-05,10,0.013,0.011,0.0109
851,DE2,Bayern,2020-03-06,10,0.0043,0.0116,0.0109
852,DE2,Bayern,2020-03-07,10,-0.0319,0.0065,0.0109
853,DE2,Bayern,2020-03-08,10,0.0262,0.0018,0.0109
854,DE2,Bayern,2020-03-09,11,0.0351,0.0007,-0.0265
855,DE2,Bayern,2020-03-10,11,-0.0211,-0.0023,-0.0265
856,DE2,Bayern,2020-03-11,11,-0.0131,-0.0149,-0.0265
857,DE2,Bayern,2020-03-12,11,0.0056,-0.0311,-0.0265
858,DE2,Bayern,2020-03-13,11,-0.0167,-0.0466,-0.0265
859,DE2,Bayern,2020-03-14,11,-0.1204,-0.0708,-0.0265
860,DE2,Bayern,2020-03-15,11,-0.0868,-0.1023,-0.0265
861,DE2,Bayern,2020-03-16,12,-0.0734,-0.1407,-0.3061
862,DE2,Bayern,2020-03-17,12,-0.1908,-0.1778,-0.3061
863,DE2,Bayern,2020-03-18,12,-0.2335,-0.2519,-0.3061
864,DE2,Bayern,2020-03-19,12,-0.2635,-0.3261,-0.3061
865,DE2,Bayern,2020-03-20,12,-0.2762,-0.3726,-0.3061
866,DE2,Bayern,2020-03-21,12,-0.6392,-0.4047,-0.3061
867,DE2,Bayern,2020-03-22,12,-0.606,-0.4331,-0.3061
868,DE2,Bayern,2020-03-23,13,-0.3994,-0.458,-0.4462
869,DE2,Bayern,2020-03-24,13,-0.4155,-0.4787,-0.4462
870,DE2,Bayern,2020-03-25,13,-0.4318,-0.4527,-0.4462
871,DE2,Bayern,2020-03-26,13,-0.438,-0.4548,-0.4462
872,DE2,Bayern,2020-03-27,13,-0.4213,-0.4546,-0.4462
873,DE2,Bayern,2020-03-28,13,-0.4572,-0.4532,-0.4462
874,DE2,Bayern,2020-03-29,13,-0.6202,-0.4485,-0.4462
875,DE2,Bayern,2020-03-30,14,-0.398,-0.4393,-0.4006
876,DE2,Bayern,2020-03-31,14,-0.4062,-0.4279,-0.4006
1663,DE3,Berlin,2020-03-01,9,0.0345,0.0138,0.0523
1664,DE3,Berlin,2020-03-02,10,-0.031,0.0066,-0.0202
1665,DE3,Berlin,2020-03-03,10,-0.0533,-0.0016,-0.0202
1666,DE3,Berlin,2020-03-04,10,-0.0173,-0.0157,-0.0202
1667,DE3,Berlin,2020-03-05,10,-0.0124,-0.0191,-0.0202
1668,DE3,Berlin,2020-03-06,10,0.018,-0.0153,-0.0202
1669,DE3,Berlin,2020-03-07,10,-0.0485,-0.0178,-0.0202
1670,DE3,Berlin,2020-03-08,10,0.011,-0.0228,-0.0202
1671,DE3,Berlin,2020-03-09,11,-0.0044,-0.0294,-0.069
1672,DE3,Berlin,2020-03-10,11,-0.0708,-0.0364,-0.069
1673,DE3,Berlin,2020-03-11,11,-0.0524,-0.0479,-0.069
1674,DE3,Berlin,2020-03-12,11,-0.059,-0.0765,-0.069
1675,DE3,Berlin,2020-03-13,11,-0.031,-0.0937,-0.069
1676,DE3,Berlin,2020-03-14,11,-0.1285,-0.121,-0.069
1677,DE3,Berlin,2020-03-15,11,-0.1895,-0.1551,-0.069
1678,DE3,Berlin,2020-03-16,12,-0.1251,-0.1999,-0.3183
1679,DE3,Berlin,2020-03-17,12,-0.2617,-0.2488,-0.3183
1680,DE3,Berlin,2020-03-18,12,-0.2911,-0.2917,-0.3183
1681,DE3,Berlin,2020-03-19,12,-0.3724,-0.3261,-0.3183
1682,DE3,Berlin,2020-03-20,12,-0.3731,-0.3707,-0.3183
1683,DE3,Berlin,2020-03-21,12,-0.4288,-0.3986,-0.3183
1684,DE3,Berlin,2020-03-22,12,-0.4306,-0.4225,-0.3183
1685,DE3,Berlin,2020-03-23,13,-0.4371,-0.4336,-0.4527
1686,DE3,Berlin,2020-03-24,13,-0.4568,-0.4384,-0.4527
1687,DE3,Berlin,2020-03-25,13,-0.4584,-0.4365,-0.4527
1688,DE3,Berlin,2020-03-26,13,-0.4504,-0.4589,-0.4527
1689,DE3,Berlin,2020-03-27,13,-0.4063,-0.4633,-0.4527
1690,DE3,Berlin,2020-03-28,13,-0.4156,-0.4619,-0.4527
1691,DE3,Berlin,2020-03-29,13,-0.5878,-0.4572,-0.4527
1692,DE3,Berlin,2020-03-30,14,-0.4677,-0.4553,-0.4209
1693,DE3,Berlin,2020-03-31,14,-0.4471,-0.4513,-0.4209
2480,DE4,Brandenburg,2020-03-01,9,-0.0247,-0.0061,0.0092
2481,DE4,Brandenburg,2020-03-02,10,-0.0042,-0.0069,-0.0197
2482,DE4,Brandenburg,2020-03-03,10,-0.0322,-0.0155,-0.0197
2483,DE4,Brandenburg,2020-03-04,10,-0.0039,-0.0242,-0.0197
2484,DE4,Brandenburg,2020-03-05,10,-0.0037,-0.0191,-0.0197
2485,DE4,Brandenburg,2020-03-06,10,-0.0331,-0.0183,-0.0197
2486,DE4,Brandenburg,2020-03-07,10,-0.0673,-0.0184,-0.0197
2487,DE4,Brandenburg,2020-03-08,10,0.0109,-0.0202,-0.0197
2488,DE4,Brandenburg,2020-03-09,11,0.0015,-0.0238,-0.0362
2489,DE4,Brandenburg,2020-03-10,11,-0.0335,-0.025,-0.0362
2490,DE4,Brandenburg,2020-03-11,11,-0.0159,-0.0231,-0.0362
2491,DE4,Brandenburg,2020-03-12,11,-0.029,-0.0417,-0.0362
2492,DE4,Brandenburg,2020-03-13,11,-0.0417,-0.0469,-0.0362
2493,DE4,Brandenburg,2020-03-14,11,-0.0541,-0.054,-0.0362
2494,DE4,Brandenburg,2020-03-15,11,-0.1196,-0.0706,-0.0362
2495,DE4,Brandenburg,2020-03-16,12,-0.0349,-0.0963,-0.1932
2496,DE4,Brandenburg,2020-03-17,12,-0.0827,-0.131,-0.1932
2497,DE4,Brandenburg,2020-03-18,12,-0.1321,-0.1733,-0.1932
2498,DE4,Brandenburg,2020-03-19,12,-0.2093,-0.2068,-0.1932
2499,DE4,Brandenburg,2020-03-20,12,-0.2841,-0.2446,-0.1932
2500,DE4,Brandenburg,2020-03-21,12,-0.3502,-0.2791,-0.1932
2501,DE4,Brandenburg,2020-03-22,12,-0.3542,-0.3055,-0.1932
2502,DE4,Brandenburg,2020-03-23,13,-0.2997,-0.3203,-0.3366
2503,DE4,Brandenburg,2020-03-24,13,-0.3244,-0.3252,-0.3366
2504,DE4,Brandenburg,2020-03-25,13,-0.3166,-0.3215,-0.3366
2505,DE4,Brandenburg,2020-03-26,13,-0.3131,-0.3495,-0.3366
2506,DE4,Brandenburg,2020-03-27,13,-0.3184,-0.3545,-0.3366
2507,DE4,Brandenburg,2020-03-28,13,-0.3238,-0.3549,-0.3366
2508,DE4,Brandenburg,2020-03-29,13,-0.5503,-0.3513,-0.3366
2509,DE4,Brandenburg,2020-03-30,14,-0.3349,-0.348,-0.3063
2510,DE4,Brandenburg,2020-03-31,14,-0.3271,-0.3337,-0.3063
3297,DE5,Bremen,2020-03-01,9,0.045,0.0252,0.0384
3298,DE5,Bremen,2020-03-02,10,-0.0166,0.0238,-0.0029
3299,DE5,Bremen,2020-03-03,10,-0.0156,0.0082,-0.0029
3300,DE5,Bremen,2020-03-04,10,0.0098,0.0031,-0.0029
3301,DE5,Bremen,2020-03-05,10,0.0092,-0.0006,-0.0029
3302,DE5,Bremen,2020-03-06,10,-0.0341,0.0063,-0.0029
3303,DE5,Bremen,2020-03-07,10,0.0242,0.0027,-0.0029
3304,DE5,Bremen,2020-03-08,10,0.0185,0.0012,-0.0029
3305,DE5,Bremen,2020-03-09,11,0.032,-0.0033,-0.0425
3306,DE5,Bremen,2020-03-10,11,-0.0405,-0.0094,-0.0425
3307,DE5,Bremen,2020-03-11,11,-0.0008,-0.0261,-0.0425
3308,DE5,Bremen,2020-03-12,11,-0.0226,-0.0503,-0.0425
3309,DE5,Bremen,2020-03-13,11,-0.0766,-0.0712,-0.0425
3310,DE5,Bremen,2020-03-14,11,-0.0929,-0.0948,-0.0425
3311,DE5,Bremen,2020-03-15,11,-0.1506,-0.1322,-0.0425
3312,DE5,Bremen,2020-03-16,12,-0.1141,-0.1762,-0.2912
3313,DE5,Bremen,2020-03-17,12,-0.2057,-0.2175,-0.2912
3314,DE5,Bremen,2020-03-18,12,-0.2631,-0.2648,-0.2912
3315,DE5,Bremen,2020-03-19,12,-0.3304,-0.3005,-0.2912
3316,DE5,Bremen,2020-03-20,12,-0.3655,-0.3384,-0.2912
3317,DE5,Bremen,2020-03-21,12,-0.4239,-0.3661,-0.2912
3318,DE5,Bremen,2020-03-22,12,-0.4006,-0.3846,-0.2912
3319,DE5,Bremen,2020-03-23,13,-0.3793,-0.3938,-0.4088
3320,DE5,Bremen,2020-03-24,13,-0.3997,-0.3997,-0.4088
3321,DE5,Bremen,2020-03-25,13,-0.3927,-0.399,-0.4088
3322,DE5,Bremen,2020-03-26,13,-0.3947,-0.4162,-0.4088
3323,DE5,Bremen,2020-03-27,13,-0.4068,-0.4211,-0.4088
3324,DE5,Bremen,2020-03-28,13,-0.4196,-0.4174,-0.4088
3325,DE5,Bremen,2020-03-29,13,-0.5204,-0.4201,-0.4088
3326,DE5,Bremen,2020-03-30,14,-0.4141,-0.4208,-0.3885
3327,DE5,Bremen,2020-03-31,14,-0.3736,-0.4104,-0.3885
4114,DE6,Hamburg,2020-03-01,9,-0.057,-0.0435,0.0081
4115,DE6,Hamburg,2020-03-02,10,-0.1013,-0.0564,-0.0982
4116,DE6,Hamburg,2020-03-03,10,-0.1122,-0.0825,-0.0982
4117,DE6,Hamburg,2020-03-04,10,-0.0798,-0.0922,-0.0982
4118,DE6,Hamburg,2020-03-05,10,-0.081,-0.0971,-0.0982
4119,DE6,Hamburg,2020-03-06,10,-0.1387,-0.0944,-0.0982
4120,DE6,Hamburg,2020-03-07,10,-0.0751,-0.0988,-0.0982
4121,DE6,Hamburg,2020-03-08,10,-0.0913,-0.0997,-0.0982
4122,DE6,Hamburg,2020-03-09,11,-0.0826,-0.1055,-0.1371
4123,DE6,Hamburg,2020-03-10,11,-0.1434,-0.1104,-0.1371
4124,DE6,Hamburg,2020-03-11,11,-0.0856,-0.1225,-0.1371
4125,DE6,Hamburg,2020-03-12,11,-0.1216,-0.1422,-0.1371
4126,DE6,Hamburg,2020-03-13,11,-0.1735,-0.1565,-0.1371
4127,DE6,Hamburg,2020-03-14,11,-0.1596,-0.1781,-0.1371
4128,DE6,Hamburg,2020-03-15,11,-0.229,-0.2136,-0.1371
4129,DE6,Hamburg,2020-03-16,12,-0.1829,-0.2493,-0.3493
4130,DE6,Hamburg,2020-03-17,12,-0.2946,-0.2826,-0.3493
4131,DE6,Hamburg,2020-03-18,12,-0.3338,-0.324,-0.3493
4132,DE6,Hamburg,2020-03-19,12,-0.3717,-0.3563,-0.3493
4133,DE6,Hamburg,2020-03-20,12,-0.4063,-0.3891,-0.3493
4134,DE6,Hamburg,2020-03-21,12,-0.4494,-0.4093,-0.3493
4135,DE6,Hamburg,2020-03-22,12,-0.4552,-0.4224,-0.3493
4136,DE6,Hamburg,2020-03-23,13,-0.4124,-0.43,-0.4392
4137,DE6,Hamburg,2020-03-24,13,-0.4363,-0.4338,-0.4392
4138,DE6,Hamburg,2020-03-25,13,-0.4256,-0.4315,-0.4392
4139,DE6,Hamburg,2020-03-26,13,-0.4247,-0.4453,-0.4392
4140,DE6,Hamburg,2020-03-27,13,-0.4328,-0.449,-0.4392
4141,DE6,Hamburg,2020-03-28,13,-0.4333,-0.4446,-0.4392
4142,DE6,Hamburg,2020-03-29,13,-0.5517,-0.4499,-0.4392
4143,DE6,Hamburg,2020-03-30,14,-0.4388,-0.454,-0.4269
4144,DE6,Hamburg,2020-03-31,14,-0.4055,-0.4469,-0.4269
4931,DE7,Hessen,2020-03-01,9,-0.0207,-0.0118,-0.0303
4932,DE7,Hessen,2020-03-02,10,-0.011,-0.0124,-0.0203
4933,DE7,Hessen,2020-03-03,10,-0.007,-0.0199,-0.0203
4934,DE7,Hessen,2020-03-04,10,-0.0177,-0.0216,-0.0203
4935,DE7,Hessen,2020-03-05,10,-0.0308,-0.0193,-0.0203
4936,DE7,Hessen,2020-03-06,10,-0.0398,-0.0133,-0.0203
4937,DE7,Hessen,2020-03-07,10,-0.0244,-0.0202,-0.0203
4938,DE7,Hessen,2020-03-08,10,-0.0044,-0.0244,-0.0203
4939,DE7,Hessen,2020-03-09,11,0.0309,-0.0242,-0.0519
4940,DE7,Hessen,2020-03-10,11,-0.0556,-0.025,-0.0519
4941,DE7,Hessen,2020-03-11,11,-0.0467,-0.0417,-0.0519
4942,DE7,Hessen,2020-03-12,11,-0.0296,-0.0568,-0.0519
4943,DE7,Hessen,2020-03-13,11,-0.0452,-0.0766,-0.0519
4944,DE7,Hessen,2020-03-14,11,-0.141,-0.0992,-0.0519
4945,DE7,Hessen,2020-03-15,11,-0.1101,-0.1329,-0.0519
4946,DE7,Hessen,2020-03-16,12,-0.1081,-0.1735,-0.3002
4947,DE7,Hessen,2020-03-17,12,-0.2136,-0.2182,-0.3002
4948,DE7,Hessen,2020-03-18,12,-0.2828,-0.2639,-0.3002
4949,DE7,Hessen,2020-03-19,12,-0.3136,-0.3092,-0.3002
4950,DE7,Hessen,2020-03-20,12,-0.3578,-0.3477,-0.3002
4951,DE7,Hessen,2020-03-21,12,-0.4614,-0.3757,-0.3002
4952,DE7,Hessen,2020-03-22,12,-0.427,-0.3946,-0.3002
4953,DE7,Hessen,2020-03-23,13,-0.378,-0.4088,-0.4132
4954,DE7,Hessen,2020-03-24,13,-0.4096,-0.4147,-0.4132
4955,DE7,Hessen,2020-03-25,13,-0.4146,-0.4042,-0.4132
4956,DE7,Hessen,2020-03-26,13,-0.4134,-0.4192,-0.4132
4957,DE7,Hessen,2020-03-27,13,-0.3991,-0.4174,-0.4132
4958,DE7,Hessen,2020-03-28,13,-0.3876,-0.4132,-0.4132
4959,DE7,Hessen,2020-03-29,13,-0.5324,-0.4048,-0.4132
4960,DE7,Hessen,2020-03-30,14,-0.3653,-0.3923,-0.3406
4961,DE7,Hessen,2020-03-31,14,-0.38,-0.3766,-0.3406
5748,DE8,Mecklenburg-Vorpommern,2020-03-01,9,0.0368,0.043,0.0442
5749,DE8,Mecklenburg-Vorpommern,2020-03-02,10,0.0514,0.0458,0.0386
5750,DE8,Mecklenburg-Vorpommern,2020-03-03,10,0.026,0.0349,0.0386
5751,DE8,Mecklenburg-Vorpommern,2020-03-04,10,0.0542,0.034,0.0386
5752,DE8,Mecklenburg-Vorpommern,2020-03-05,10,0.0598,0.0408,0.0386
5753,DE8,Mecklenburg-Vorpommern,2020-03-06,10,0.0049,0.0425,0.0386
5754,DE8,Mecklenburg-Vorpommern,2020-03-07,10,0.005,0.0414,0.0386
5755,DE8,Mecklenburg-Vorpommern,2020-03-08,10,0.0842,0.0437,0.0386
5756,DE8,Mecklenburg-Vorpommern,2020-03-09,11,0.0633,0.0378,0.0225
5757,DE8,Mecklenburg-Vorpommern,2020-03-10,11,0.0183,0.0383,0.0225
5758,DE8,Mecklenburg-Vorpommern,2020-03-11,11,0.0706,0.0383,0.0225
5759,DE8,Mecklenburg-Vorpommern,2020-03-12,11,0.0187,0.0174,0.0225
5760,DE8,Mecklenburg-Vorpommern,2020-03-13,11,0.0079,0.0036,0.0225
5761,DE8,Mecklenburg-Vorpommern,2020-03-14,11,0.0054,-0.0153,0.0225
5762,DE8,Mecklenburg-Vorpommern,2020-03-15,11,-0.0621,-0.0488,0.0225
5763,DE8,Mecklenburg-Vorpommern,2020-03-16,12,-0.0337,-0.0823,-0.2071
5764,DE8,Mecklenburg-Vorpommern,2020-03-17,12,-0.1136,-0.1215,-0.2071
5765,DE8,Mecklenburg-Vorpommern,2020-03-18,12,-0.1643,-0.1748,-0.2071
5766,DE8,Mecklenburg-Vorpommern,2020-03-19,12,-0.2155,-0.2202,-0.2071
5767,DE8,Mecklenburg-Vorpommern,2020-03-20,12,-0.2665,-0.2538,-0.2071
5768,DE8,Mecklenburg-Vorpommern,2020-03-21,12,-0.3682,-0.2828,-0.2071
5769,DE8,Mecklenburg-Vorpommern,2020-03-22,12,-0.3798,-0.3024,-0.2071
5770,DE8,Mecklenburg-Vorpommern,2020-03-23,13,-0.2689,-0.3132,-0.3237
5771,DE8,Mecklenburg-Vorpommern,2020-03-24,13,-0.3164,-0.3191,-0.3237
5772,DE8,Mecklenburg-Vorpommern,2020-03-25,13,-0.3015,-0.3161,-0.3237
5773,DE8,Mecklenburg-Vorpommern,2020-03-26,13,-0.2912,-0.3358,-0.3237
5774,DE8,Mecklenburg-Vorpommern,2020-03-27,13,-0.3075,-0.3445,-0.3237
5775,DE8,Mecklenburg-Vorpommern,2020-03-28,13,-0.3475,-0.3427,-0.3237
5776,DE8,Mecklenburg-Vorpommern,2020-03-29,13,-0.5178,-0.347,-0.3237
5777,DE8,Mecklenburg-Vorpommern,2020-03-30,14,-0.3295,-0.3504,-0.3303
5778,DE8,Mecklenburg-Vorpommern,2020-03-31,14,-0.3041,-0.3445,-0.3303
6565,DE9,Niedersachsen,2020-03-01,9,-0.0234,0.001,0.0126
6566,DE9,Niedersachsen,2020-03-02,10,-0.0156,0.0001,-0.0191
6567,DE9,Niedersachsen,2020-03-03,10,-0.029,-0.0142,-0.0191
6568,DE9,Niedersachsen,2020-03-04,10,-0.0061,-0.0191,-0.0191
6569,DE9,Niedersachsen,2020-03-05,10,-0.0067,-0.0188,-0.0191
6570,DE9,Niedersachsen,2020-03-06,10,-0.0431,-0.0152,-0.0191
6571,DE9,Niedersachsen,2020-03-07,10,-0.01,-0.0178,-0.0191
6572,DE9,Niedersachsen,2020-03-08,10,-0.0214,-0.0194,-0.0191
6573,DE9,Niedersachsen,2020-03-09,11,0.01,-0.0218,-0.0509
6574,DE9,Niedersachsen,2020-03-10,11,-0.0476,-0.0257,-0.0509
6575,DE9,Niedersachsen,2020-03-11,11,-0.0168,-0.0389,-0.0509
6576,DE9,Niedersachsen,2020-03-12,11,-0.0237,-0.0576,-0.0509
6577,DE9,Niedersachsen,2020-03-13,11,-0.0705,-0.0766,-0.0509
6578,DE9,Niedersachsen,2020-03-14,11,-0.1021,-0.1009,-0.0509
6579,DE9,Niedersachsen,2020-03-15,11,-0.1523,-0.1348,-0.0509
6580,DE9,Niedersachsen,2020-03-16,12,-0.1234,-0.1762,-0.2923
6581,DE9,Niedersachsen,2020-03-17,12,-0.2175,-0.2179,-0.2923
6582,DE9,Niedersachsen,2020-03-18,12,-0.2544,-0.263,-0.2923
6583,DE9,Niedersachsen,2020-03-19,12,-0.3133,-0.3015,-0.2923
6584,DE9,Niedersachsen,2020-03-20,12,-0.3625,-0.3368,-0.2923
6585,DE9,Niedersachsen,2020-03-21,12,-0.4173,-0.3618,-0.2923
6586,DE9,Niedersachsen,2020-03-22,12,-0.4221,-0.3806,-0.2923
6587,DE9,Niedersachsen,2020-03-23,13,-0.3704,-0.3907,-0.4009
6588,DE9,Niedersachsen,2020-03-24,13,-0.3924,-0.3942,-0.4009
6589,DE9,Niedersachsen,2020-03-25,13,-0.386,-0.3915,-0.4009
6590,DE9,Niedersachsen,2020-03-26,13,-0.384,-0.4091,-0.4009
6591,DE9,Niedersachsen,2020-03-27,13,-0.3875,-0.4134,-0.4009
6592,DE9,Niedersachsen,2020-03-28,13,-0.3979,-0.41,-0.4009
6593,DE9,Niedersachsen,2020-03-29,13,-0.5454,-0.4085,-0.4009
6594,DE9,Niedersachsen,2020-03-30,14,-0.401,-0.408,-0.3716
6595,DE9,Niedersachsen,2020-03-31,14,-0.3684,-0.3983,-0.3716
7382,DEA,Nordrhein-Westfalen,2020-03-01,9,0.0186,0.0266,-0.0125
7383,DEA,Nordrhein-Westfalen,2020-03-02,10,0.0245,0.0265,0.0237
7384,DEA,Nordrhein-Westfalen,2020-03-03,10,0.0212,0.0213,0.0237
7385,DEA,Nordrhein-Westfalen,2020-03-04,10,0.0344,0.023,0.0237
7386,DEA,Nordrhein-Westfalen,2020-03-05,10,0.0131,0.0243,0.0237
7387,DEA,Nordrhein-Westfalen,2020-03-06,10,0.0119,0.0351,0.0237
7388,DEA,Nordrhein-Westfalen,2020-03-07,10,0.0369,0.0292,0.0237
7389,DEA,Nordrhein-Westfalen,2020-03-08,10,0.0281,0.0215,0.0237
7390,DEA,Nordrhein-Westfalen,2020-03-09,11,0.1002,0.0228,-0.0117
7391,DEA,Nordrhein-Westfalen,2020-03-10,11,-0.0205,0.0199,-0.0117
7392,DEA,Nordrhein-Westfalen,2020-03-11,11,-0.0191,0.0013,-0.0117
7393,DEA,Nordrhein-Westfalen,2020-03-12,11,0.022,-0.0179,-0.0117
7394,DEA,Nordrhein-Westfalen,2020-03-13,11,-0.0086,-0.0417,-0.0117
7395,DEA,Nordrhein-Westfalen,2020-03-14,11,-0.093,-0.0646,-0.0117
7396,DEA,Nordrhein-Westfalen,2020-03-15,11,-0.1065,-0.0968,-0.0117
7397,DEA,Nordrhein-Westfalen,2020-03-16,12,-0.0663,-0.1448,-0.2756
7398,DEA,Nordrhein-Westfalen,2020-03-17,12,-0.181,-0.1964,-0.2756
7399,DEA,Nordrhein-Westfalen,2020-03-18,12,-0.2441,-0.2402,-0.2756
7400,DEA,Nordrhein-Westfalen,2020-03-19,12,-0.3139,-0.2825,-0.2756
7401,DEA,Nordrhein-Westfalen,2020-03-20,12,-0.3703,-0.3209,-0.2756
7402,DEA,Nordrhein-Westfalen,2020-03-21,12,-0.3994,-0.3484,-0.2756
7403,DEA,Nordrhein-Westfalen,2020-03-22,12,-0.4025,-0.3673,-0.2756
7404,DEA,Nordrhein-Westfalen,2020-03-23,13,-0.3354,-0.3763,-0.3849
7405,DEA,Nordrhein-Westfalen,2020-03-24,13,-0.3729,-0.3771,-0.3849
7406,DEA,Nordrhein-Westfalen,2020-03-25,13,-0.3764,-0.3731,-0.3849
7407,DEA,Nordrhein-Westfalen,2020-03-26,13,-0.3771,-0.393,-0.3849
7408,DEA,Nordrhein-Westfalen,2020-03-27,13,-0.3758,-0.3931,-0.3849
7409,DEA,Nordrhein-Westfalen,2020-03-28,13,-0.3714,-0.3881,-0.3849
7410,DEA,Nordrhein-Westfalen,2020-03-29,13,-0.542,-0.3801,-0.3849
7411,DEA,Nordrhein-Westfalen,2020-03-30,14,-0.3362,-0.3706,-0.3078
7412,DEA,Nordrhein-Westfalen,2020-03-31,14,-0.3379,-0.3529,-0.3078
8199,DEB,Rheinland-Pfalz,2020-03-01,9,-0.0256,0.0177,-0.0328
8200,DEB,Rheinland-Pfalz,2020-03-02,10,0.0435,0.0163,0.0201
8201,DEB,Rheinland-Pfalz,2020-03-03,10,0.047,0.014,0.0201
8202,DEB,Rheinland-Pfalz,2020-03-04,10,0.0171,0.0135,0.0201
8203,DEB,Rheinland-Pfalz,2020-03-05,10,-0.0108,0.0203,0.0201
8204,DEB,Rheinland-Pfalz,2020-03-06,10,0.017,0.0252,0.0201
8205,DEB,Rheinland-Pfalz,2020-03-07,10,0.0066,0.0181,0.0201
8206,DEB,Rheinland-Pfalz,2020-03-08,10,0.022,0.0144,0.0201
8207,DEB,Rheinland-Pfalz,2020-03-09,11,0.0775,0.0152,-0.0116
8208,DEB,Rheinland-Pfalz,2020-03-10,11,-0.003,0.0135,-0.0116
8209,DEB,Rheinland-Pfalz,2020-03-11,11,-0.0087,-0.0035,-0.0116
8210,DEB,Rheinland-Pfalz,2020-03-12,11,-0.0049,-0.0156,-0.0116
8211,DEB,Rheinland-Pfalz,2020-03-13,11,0.0053,-0.0356,-0.0116
8212,DEB,Rheinland-Pfalz,2020-03-14,11,-0.1128,-0.0561,-0.0116
8213,DEB,Rheinland-Pfalz,2020-03-15,11,-0.0628,-0.0868,-0.0116
8214,DEB,Rheinland-Pfalz,2020-03-16,12,-0.0622,-0.123,-0.2529
8215,DEB,Rheinland-Pfalz,2020-03-17,12,-0.1463,-0.1636,-0.2529
8216,DEB,Rheinland-Pfalz,2020-03-18,12,-0.224,-0.2124,-0.2529
8217,DEB,Rheinland-Pfalz,2020-03-19,12,-0.2584,-0.2637,-0.2529
8218,DEB,Rheinland-Pfalz,2020-03-20,12,-0.279,-0.3,-0.2529
8219,DEB,Rheinland-Pfalz,2020-03-21,12,-0.4544,-0.3283,-0.2529
8220,DEB,Rheinland-Pfalz,2020-03-22,12,-0.4217,-0.3482,-0.2529
8221,DEB,Rheinland-Pfalz,2020-03-23,13,-0.3159,-0.3636,-0.3645
8222,DEB,Rheinland-Pfalz,2020-03-24,13,-0.3444,-0.3733,-0.3645
8223,DEB,Rheinland-Pfalz,2020-03-25,13,-0.3636,-0.3591,-0.3645
8224,DEB,Rheinland-Pfalz,2020-03-26,13,-0.3663,-0.3718,-0.3645
8225,DEB,Rheinland-Pfalz,2020-03-27,13,-0.3466,-0.3699,-0.3645
8226,DEB,Rheinland-Pfalz,2020-03-28,13,-0.3549,-0.3655,-0.3645
8227,DEB,Rheinland-Pfalz,2020-03-29,13,-0.5111,-0.3586,-0.3645
8228,DEB,Rheinland-Pfalz,2020-03-30,14,-0.3027,-0.3475,-0.297
8229,DEB,Rheinland-Pfalz,2020-03-31,14,-0.3131,-0.3322,-0.297
9016,DEC,Saarland,2020-03-01,9,-0.0041,0.0215,-0.0467
9017,DEC,Saarland,2020-03-02,10,0.0713,0.0251,0.0287
9018,DEC,Saarland,2020-03-03,10,0.0586,0.0221,0.0287
9019,DEC,Saarland,2020-03-04,10,0.0203,0.0248,0.0287
9020,DEC,Saarland,2020-03-05,10,-0.0077,0.0291,0.0287
9021,DEC,Saarland,2020-03-06,10,0.014,0.0324,0.0287
9022,DEC,Saarland,2020-03-07,10,0.0211,0.0239,0.0287
9023,DEC,Saarland,2020-03-08,10,0.0259,0.022,0.0287
9024,DEC,Saarland,2020-03-09,11,0.0946,0.0217,-0.0073
9025,DEC,Saarland,2020-03-10,11,-0.0008,0.02,-0.0073
9026,DEC,Saarland,2020-03-11,11,0.0067,0.0,-0.0073
9027,DEC,Saarland,2020-03-12,11,-0.0094,-0.0119,-0.0073
9028,DEC,Saarland,2020-03-13,11,0.0016,-0.0363,-0.0073
9029,DEC,Saarland,2020-03-14,11,-0.1183,-0.06,-0.0073
9030,DEC,Saarland,2020-03-15,11,-0.0579,-0.0957,-0.0073
9031,DEC,Saarland,2020-03-16,12,-0.0762,-0.1352,-0.2826
9032,DEC,Saarland,2020-03-17,12,-0.1663,-0.1768,-0.2826
9033,DEC,Saarland,2020-03-18,12,-0.2437,-0.2372,-0.2826
9034,DEC,Saarland,2020-03-19,12,-0.2856,-0.2983,-0.2826
9035,DEC,Saarland,2020-03-20,12,-0.2898,-0.3386,-0.2826
9036,DEC,Saarland,2020-03-21,12,-0.5405,-0.3702,-0.2826
9037,DEC,Saarland,2020-03-22,12,-0.4856,-0.3919,-0.2826
9038,DEC,Saarland,2020-03-23,13,-0.3589,-0.4082,-0.3951
9039,DEC,Saarland,2020-03-24,13,-0.3875,-0.4209,-0.3951
9040,DEC,Saarland,2020-03-25,13,-0.3952,-0.3983,-0.3951
9041,DEC,Saarland,2020-03-26,13,-0.4002,-0.401,-0.3951
9042,DEC,Saarland,2020-03-27,13,-0.3782,-0.3959,-0.3951
9043,DEC,Saarland,2020-03-28,13,-0.3828,-0.3916,-0.3951
9044,DEC,Saarland,2020-03-29,13,-0.504,-0.3835,-0.3951
9045,DEC,Saarland,2020-03-30,14,-0.3231,-0.3729,-0.336
9046,DEC,Saarland,2020-03-31,14,-0.3575,-0.361,-0.336
9833,DED,Sachsen,2020-03-01,9,0.0166,0.026,0.0712
9834,DED,Sachsen,2020-03-02,10,0.0024,0.0148,-0.007
9835,DED,Sachsen,2020-03-03,10,-0.0311,0.0047,-0.007
9836,DED,Sachsen,2020-03-04,10,-0.0011,-0.0088,-0.007
9837,DED,Sachsen,2020-03-05,10,0.0045,-0.0056,-0.007
9838,DED,Sachsen,2020-03-06,10,0.0029,-0.0042,-0.007
9839,DED,Sachsen,2020-03-07,10,-0.0559,-0.0023,-0.007
9840,DED,Sachsen,2020-03-08,10,0.0394,-0.0064,-0.007
9841,DED,Sachsen,2020-03-09,11,0.0122,-0.008,-0.0212
9842,DED,Sachsen,2020-03-10,11,-0.0183,-0.0093,-0.0212
9843,DED,Sachsen,2020-03-11,11,-0.0298,-0.0122,-0.0212
9844,DED,Sachsen,2020-03-12,11,-0.0064,-0.0243,-0.0212
9845,DED,Sachsen,2020-03-13,11,-0.0063,-0.0336,-0.0212
9846,DED,Sachsen,2020-03-14,11,-0.076,-0.0494,-0.0212
9847,DED,Sachsen,2020-03-15,11,-0.0455,-0.0636,-0.0212
9848,DED,Sachsen,2020-03-16,12,-0.0527,-0.0926,-0.2096
9849,DED,Sachsen,2020-03-17,12,-0.1289,-0.1334,-0.2096
9850,DED,Sachsen,2020-03-18,12,-0.1296,-0.1791,-0.2096
9851,DED,Sachsen,2020-03-19,12,-0.2092,-0.2232,-0.2096
9852,DED,Sachsen,2020-03-20,12,-0.2917,-0.2648,-0.2096
9853,DED,Sachsen,2020-03-21,12,-0.3962,-0.2978,-0.2096
9854,DED,Sachsen,2020-03-22,12,-0.3541,-0.3307,-0.2096
9855,DED,Sachsen,2020-03-23,13,-0.344,-0.3527,-0.3745
9856,DED,Sachsen,2020-03-24,13,-0.3594,-0.3597,-0.3745
9857,DED,Sachsen,2020-03-25,13,-0.3601,-0.3581,-0.3745
9858,DED,Sachsen,2020-03-26,13,-0.363,-0.3857,-0.3745
9859,DED,Sachsen,2020-03-27,13,-0.341,-0.3858,-0.3745
9860,DED,Sachsen,2020-03-28,13,-0.3852,-0.386,-0.3745
9861,DED,Sachsen,2020-03-29,13,-0.5474,-0.3836,-0.3745
9862,DED,Sachsen,2020-03-30,14,-0.3447,-0.379,-0.3471
9863,DED,Sachsen,2020-03-31,14,-0.3605,-0.3724,-0.3471
10650,DEE,Sachsen-Anhalt,2020-03-01,9,0.0736,0.0723,0.0915
10651,DEE,Sachsen-Anhalt,2020-03-02,10,0.06,0.0685,0.053
10652,DEE,Sachsen-Anhalt,2020-03-03,10,0.0324,0.0577,0.053
10653,DEE,Sachsen-Anhalt,2020-03-04,10,0.0581,0.0504,0.053
10654,DEE,Sachsen-Anhalt,2020-03-05,10,0.0587,0.0572,0.053
10655,DEE,Sachsen-Anhalt,2020-03-06,10,0.0368,0.0602,0.053
10656,DEE,Sachsen-Anhalt,2020-03-07,10,0.0331,0.0594,0.053
10657,DEE,Sachsen-Anhalt,2020-03-08,10,0.1213,0.0577,0.053
10658,DEE,Sachsen-Anhalt,2020-03-09,11,0.0813,0.0564,0.0369
10659,DEE,Sachsen-Anhalt,2020-03-10,11,0.0267,0.0531,0.0369
10660,DEE,Sachsen-Anhalt,2020-03-11,11,0.0459,0.0468,0.0369
10661,DEE,Sachsen-Anhalt,2020-03-12,11,0.0498,0.0368,0.0369
10662,DEE,Sachsen-Anhalt,2020-03-13,11,0.0133,0.0265,0.0369
10663,DEE,Sachsen-Anhalt,2020-03-14,11,-0.0108,0.0134,0.0369
10664,DEE,Sachsen-Anhalt,2020-03-15,11,0.0517,-0.0053,0.0369
10665,DEE,Sachsen-Anhalt,2020-03-16,12,0.0092,-0.0332,-0.1409
10666,DEE,Sachsen-Anhalt,2020-03-17,12,-0.0653,-0.0675,-0.1409
10667,DEE,Sachsen-Anhalt,2020-03-18,12,-0.0851,-0.1091,-0.1409
10668,DEE,Sachsen-Anhalt,2020-03-19,12,-0.1452,-0.1511,-0.1409
10669,DEE,Sachsen-Anhalt,2020-03-20,12,-0.227,-0.1852,-0.1409
10670,DEE,Sachsen-Anhalt,2020-03-21,12,-0.3022,-0.2123,-0.1409
10671,DEE,Sachsen-Anhalt,2020-03-22,12,-0.2421,-0.2365,-0.1409
10672,DEE,Sachsen-Anhalt,2020-03-23,13,-0.2294,-0.2524,-0.2705
10673,DEE,Sachsen-Anhalt,2020-03-24,13,-0.2553,-0.2568,-0.2705
10674,DEE,Sachsen-Anhalt,2020-03-25,13,-0.2547,-0.2535,-0.2705
10675,DEE,Sachsen-Anhalt,2020-03-26,13,-0.2559,-0.2827,-0.2705
10676,DEE,Sachsen-Anhalt,2020-03-27,13,-0.2579,-0.2869,-0.2705
10677,DEE,Sachsen-Anhalt,2020-03-28,13,-0.2791,-0.2856,-0.2705
10678,DEE,Sachsen-Anhalt,2020-03-29,13,-0.4469,-0.2839,-0.2705
10679,DEE,Sachsen-Anhalt,2020-03-30,14,-0.2584,-0.2813,-0.242
10680,DEE,Sachsen-Anhalt,2020-03-31,14,-0.2461,-0.2673,-0.242
11467,DEF,Schleswig-Holstein,2020-03-01,9,-0.0288,0.0148,0.0228
11468,DEF,Schleswig-Holstein,2020-03-02,10,0.0102,0.0155,0.0091
11469,DEF,Schleswig-Holstein,2020-03-03,10,-0.0019,0.0066,0.0091
11470,DEF,Schleswig-Holstein,2020-03-04,10,0.0334,0.0076,0.0091
11471,DEF,Schleswig-Holstein,2020-03-05,10,0.0271,0.0077,0.0091
11472,DEF,Schleswig-Holstein,2020-03-06,10,-0.0114,0.0116,0.0091
11473,DEF,Schleswig-Holstein,2020-03-07,10,0.0245,0.0088,0.0091
11474,DEF,Schleswig-Holstein,2020-03-08,10,-0.0281,0.0088,0.0091
11475,DEF,Schleswig-Holstein,2020-03-09,11,0.0375,0.0033,-0.0247
11476,DEF,Schleswig-Holstein,2020-03-10,11,-0.0214,0.0001,-0.0247
11477,DEF,Schleswig-Holstein,2020-03-11,11,0.0334,-0.0118,-0.0247
11478,DEF,Schleswig-Holstein,2020-03-12,11,-0.0112,-0.0332,-0.0247
11479,DEF,Schleswig-Holstein,2020-03-13,11,-0.0341,-0.0555,-0.0247
11480,DEF,Schleswig-Holstein,2020-03-14,11,-0.0586,-0.0821,-0.0247
11481,DEF,Schleswig-Holstein,2020-03-15,11,-0.1779,-0.1249,-0.0247
11482,DEF,Schleswig-Holstein,2020-03-16,12,-0.1185,-0.1639,-0.2763
11483,DEF,Schleswig-Holstein,2020-03-17,12,-0.2079,-0.2052,-0.2763
11484,DEF,Schleswig-Holstein,2020-03-18,12,-0.266,-0.2505,-0.2763
11485,DEF,Schleswig-Holstein,2020-03-19,12,-0.2847,-0.2849,-0.2763
11486,DEF,Schleswig-Holstein,2020-03-20,12,-0.3228,-0.3164,-0.2763
11487,DEF,Schleswig-Holstein,2020-03-21,12,-0.3759,-0.3378,-0.2763
11488,DEF,Schleswig-Holstein,2020-03-22,12,-0.4185,-0.3474,-0.2763
11489,DEF,Schleswig-Holstein,2020-03-23,13,-0.3393,-0.3551,-0.3579
11490,DEF,Schleswig-Holstein,2020-03-24,13,-0.3572,-0.3592,-0.3579
11491,DEF,Schleswig-Holstein,2020-03-25,13,-0.3337,-0.3555,-0.3579
11492,DEF,Schleswig-Holstein,2020-03-26,13,-0.3385,-0.3641,-0.3579
11493,DEF,Schleswig-Holstein,2020-03-27,13,-0.3514,-0.3647,-0.3579
11494,DEF,Schleswig-Holstein,2020-03-28,13,-0.3497,-0.3578,-0.3579
11495,DEF,Schleswig-Holstein,2020-03-29,13,-0.4792,-0.3622,-0.3579
11496,DEF,Schleswig-Holstein,2020-03-30,14,-0.343,-0.3641,-0.3424
11497,DEF,Schleswig-Holstein,2020-03-31,14,-0.3092,-0.3542,-0.3424
12284,DEG,Thüringen,2020-03-01,9,0.016,0.0124,0.0242
12285,DEG,Thüringen,2020-03-02,10,0.0215,0.0094,-0.0059
12286,DEG,Thüringen,2020-03-03,10,-0.0139,-0.0009,-0.0059
12287,DEG,Thüringen,2020-03-04,10,-0.0121,-0.0083,-0.0059
12288,DEG,Thüringen,2020-03-05,10,-0.0079,-0.0024,-0.0059
12289,DEG,Thüringen,2020-03-06,10,-0.024,-0.0022,-0.0059
12290,DEG,Thüringen,2020-03-07,10,-0.038,-0.0047,-0.0059
12291,DEG,Thüringen,2020-03-08,10,0.0577,-0.007,-0.0059
12292,DEG,Thüringen,2020-03-09,11,0.0229,-0.007,-0.0158
12293,DEG,Thüringen,2020-03-10,11,-0.0314,-0.0061,-0.0158
12294,DEG,Thüringen,2020-03-11,11,-0.0281,-0.0096,-0.0158
12295,DEG,Thüringen,2020-03-12,11,-0.0079,-0.0144,-0.0158
12296,DEG,Thüringen,2020-03-13,11,-0.0179,-0.0165,-0.0158
12297,DEG,Thüringen,2020-03-14,11,-0.0626,-0.0304,-0.0158
12298,DEG,Thüringen,2020-03-15,11,0.024,-0.0474,-0.0158
12299,DEG,Thüringen,2020-03-16,12,0.0081,-0.0729,-0.1942
12300,DEG,Thüringen,2020-03-17,12,-0.1287,-0.1111,-0.1942
12301,DEG,Thüringen,2020-03-18,12,-0.1466,-0.1593,-0.1942
12302,DEG,Thüringen,2020-03-19,12,-0.1867,-0.2069,-0.1942
12303,DEG,Thüringen,2020-03-20,12,-0.2854,-0.2494,-0.1942
12304,DEG,Thüringen,2020-03-21,12,-0.3996,-0.2762,-0.1942
12305,DEG,Thüringen,2020-03-22,12,-0.3096,-0.3008,-0.1942
12306,DEG,Thüringen,2020-03-23,13,-0.2894,-0.3204,-0.3245
12307,DEG,Thüringen,2020-03-24,13,-0.3162,-0.3238,-0.3245
12308,DEG,Thüringen,2020-03-25,13,-0.3188,-0.3101,-0.3245
12309,DEG,Thüringen,2020-03-26,13,-0.3239,-0.3344,-0.3245
12310,DEG,Thüringen,2020-03-27,13,-0.3089,-0.3358,-0.3245
12311,DEG,Thüringen,2020-03-28,13,-0.3037,-0.3352,-0.3245
12312,DEG,Thüringen,2020-03-29,13,-0.4797,-0.3292,-0.3245
12313,DEG,Thüringen,2020-03-30,14,-0.2993,-0.3207,-0.2799
12314,DEG,Thüringen,2020-03-31,14,-0.3122,-0.3095,-0.2799
