,NUTS3,stateid,name,area,population_2020,gdpPop_2018,gdpPopEmployed_2018
0,DEF01,1,"Flensburg, Stadt",57.0,90164,89010.0,61110.0
1,DEF02,1,"Kiel, Landeshauptstadt",119.0,246794,247750.0,173430.0
2,DEF03,1,"Lübeck, Hansestadt",214.0,216530,216760.0,130810.0
3,DEF04,1,"Neumünster, Stadt",72.0,80196,79410.0,53420.0
4,DEF05,1,Dithmarschen,1428.0,133193,133330.0,61260.0
5,DEF06,1,Herzogtum Lauenburg,1263.0,198019,196670.0,70860.0
6,DEF07,1,Nordfriesland,2083.0,165951,165480.0,91430.0
7,DEF08,1,Ostholstein,1393.0,200539,200580.0,92070.0
8,DEF09,1,Pinneberg,664.0,316103,313530.0,131540.0
9,DEF0A,1,Plön,1083.0,128686,128740.0,44450.0
10,DEF0B,1,Rendsburg-Eckernförde,2189.0,274098,272900.0,120220.0
11,DEF0C,1,Schleswig-Flensburg,2071.0,201156,199760.0,85090.0
12,DEF0D,1,Segeberg,1344.0,277175,275030.0,127020.0
13,DEF0E,1,Steinburg,1056.0,131013,131480.0,56840.0
14,DEF0F,1,Stormarn,766.0,244156,242830.0,117750.0
15,DE600,2,"Hamburg, Freie und Hansestadt",755.0,1847253,1835890.0,1274270.0
16,DE911,3,"Braunschweig, Stadt",192.0,249406,248160.0,168110.0
17,DE912,3,"Salzgitter, Stadt",224.0,104291,104750.0,57740.0
18,DE913,3,"Wolfsburg, Stadt",204.0,124371,124030.0,131640.0
19,DE914,3,Gifhorn,1563.0,176523,175500.0,59380.0
20,DE916,3,Goslar,965.0,136292,137290.0,63050.0
21,DE917,3,Helmstedt,674.0,91297,91510.0,30510.0
22,DE918,3,Northeim,1267.0,132285,132910.0,62060.0
23,DE91A,3,Peine,535.0,134801,133670.0,46080.0
24,DE91B,3,Wolfenbüttel,723.0,119622,120200.0,37440.0
25,DE91C,3,Göttingen,1755.35,326041,328060.0,176980.0
26,DE929,3,Region Hannover,2291.0,1157115,1155150.0,689290.0
27,DE922,3,Diepholz,1988.0,217089,216450.0,102360.0
28,DE923,3,Hameln-Pyrmont,796.0,148549,148430.0,71230.0
29,DE925,3,Hildesheim,1206.0,275817,276620.0,129560.0
30,DE926,3,Holzminden,692.0,70458,71060.0,31220.0
31,DE927,3,Nienburg (Weser),1399.0,121390,121430.0,57820.0
32,DE928,3,Schaumburg,676.0,157820,157830.0,65370.0
33,DE931,3,Celle,1545.0,179011,178850.0,82470.0
34,DE932,3,Cuxhaven,2058.0,198038,198160.0,73980.0
35,DE933,3,Harburg,1245.0,254431,252140.0,98140.0
36,DE934,3,Lüchow-Dannenberg,1221.0,48412,48390.0,21220.0
37,DE935,3,Lüneburg,1324.0,184139,183150.0,85180.0
38,DE936,3,Osterholz,651.0,113928,113310.0,40170.0
39,DE937,3,Rotenburg (Wümme),2070.0,163782,163420.0,82230.0
40,DE938,3,Heidekreis,1874.0,140673,139430.0,72250.0
41,DE939,3,Stade,1266.0,204512,202500.0,90680.0
42,DE93A,3,Uelzen,1454.0,92389,92660.0,42060.0
43,DE93B,3,Verden,788.0,137133,136690.0,64340.0
44,DE941,3,"Delmenhorst, Stadt",62.0,77559,77560.0,32810.0
45,DE942,3,"Emden, Stadt",112.0,49913,50400.0,42600.0
46,DE943,3,"Oldenburg (Oldenburg), Stadt",103.0,169077,167650.0,117480.0
47,DE944,3,"Osnabrück, Stadt",120.0,165251,164560.0,129210.0
48,DE945,3,"Wilhelmshaven, Stadt",107.0,76089,76300.0,46090.0
49,DE946,3,Ammerland,728.0,124859,123720.0,61130.0
50,DE947,3,Aurich,1287.0,189694,189900.0,86160.0
51,DE948,3,Cloppenburg,1418.0,170682,168640.0,93850.0
52,DE949,3,Emsland,2882.0,326954,324650.0,190930.0
53,DE94A,3,Friesland,608.0,98704,98490.0,43260.0
54,DE94B,3,Grafschaft Bentheim,981.0,137162,136190.0,72030.0
55,DE94C,3,Leer,1086.0,170756,169380.0,71980.0
56,DE94D,3,Oldenburg,1063.0,130890,130030.0,52820.0
57,DE94E,3,Osnabrück,2122.0,358080,356740.0,175770.0
58,DE94F,3,Vechta,813.0,142814,141070.0,97500.0
59,DE94G,3,Wesermarsch,822.0,88583,88820.0,40440.0
60,DE94H,3,Wittmund,657.0,56926,56810.0,24880.0
61,DE501,4,"Bremen, Stadt",325.0,567559,568680.0,372040.0
62,DE502,4,"Bremerhaven, Stadt",94.0,113643,113330.0,64030.0
63,DEA11,5,"Düsseldorf, Stadt",217.0,621877,618290.0,542680.0
64,DEA12,5,"Duisburg, Stadt",233.0,498686,498350.0,232760.0
65,DEA13,5,"Essen, Stadt",210.0,582760,583250.0,336970.0
66,DEA14,5,"Krefeld, Stadt",138.0,227417,226860.0,124090.0
67,DEA15,5,"Mönchengladbach, Stadt",170.0,261034,261820.0,137230.0
68,DEA16,5,"Mülheim an der Ruhr, Stadt",91.0,170632,171070.0,81130.0
69,DEA17,5,"Oberhausen, Stadt",77.0,210764,211130.0,92690.0
70,DEA18,5,"Remscheid, Stadt",75.0,111338,110790.0,60740.0
71,DEA19,5,"Solingen, Klingenstadt",90.0,159245,159080.0,73990.0
72,DEA1A,5,"Wuppertal, Stadt",168.0,355100,353990.0,175240.0
73,DEA1B,5,Kleve,1233.0,312465,311120.0,149850.0
74,DEA1C,5,Mettmann,407.0,485570,485550.0,255150.0
75,DEA1D,5,Rhein-Kreis Neuss,577.0,451730,450210.0,206040.0
76,DEA1E,5,Viersen,563.0,298863,298830.0,133620.0
77,DEA1F,5,Wesel,1043.0,459976,460240.0,203050.0
78,DEA22,5,"Bonn, Stadt",141.0,329673,326370.0,251800.0
79,DEA23,5,"Köln, Stadt",405.0,1087863,1083030.0,777830.0
80,DEA24,5,"Leverkusen, Stadt",79.0,163729,163710.0,82910.0
81,DEA2D,5,Städteregion Aachen,707.0,557026,554770.0,305700.0
82,DEA26,5,Düren,941.0,264638,263310.0,122380.0
83,DEA27,5,Rhein-Erft-Kreis,705.0,470615,468650.0,200750.0
84,DEA28,5,Euskirchen,1249.0,193656,192480.0,85280.0
85,DEA29,5,Heinsberg,628.0,255555,253710.0,107800.0
86,DEA2A,5,Oberbergischer Kreis,919.0,272057,272720.0,145300.0
87,DEA2B,5,Rheinisch-Bergischer Kreis,437.0,283271,283400.0,114980.0
88,DEA2C,5,Rhein-Sieg-Kreis,1153.0,600764,599420.0,244850.0
89,DEA31,5,"Bottrop, Stadt",101.0,117565,117370.0,48130.0
90,DEA32,5,"Gelsenkirchen, Stadt",105.0,259645,260480.0,115990.0
91,DEA33,5,"Münster, Stadt",303.0,315293,313940.0,232030.0
92,DEA34,5,Borken,1421.0,371339,370200.0,212180.0
93,DEA35,5,Coesfeld,1112.0,220586,219650.0,100810.0
94,DEA36,5,Recklinghausen,760.0,614137,616040.0,249290.0
95,DEA37,5,Steinfurt,1796.0,448220,447090.0,226870.0
96,DEA38,5,Warendorf,1319.0,277840,277620.0,133410.0
97,DEA41,5,"Bielefeld, Stadt",259.0,334195,333170.0,213150.0
98,DEA42,5,Gütersloh,969.0,364938,363570.0,230320.0
99,DEA43,5,Herford,450.0,250578,251160.0,127260.0
100,DEA44,5,Höxter,1202.0,140251,141120.0,64950.0
101,DEA45,5,Lippe,1246.0,347514,348730.0,161080.0
102,DEA46,5,Minden-Lübbecke,1152.0,310409,310960.0,171180.0
103,DEA47,5,Paderborn,1247.0,307839,306130.0,165120.0
104,DEA51,5,"Bochum, Stadt",146.0,365587,365080.0,187670.0
105,DEA52,5,"Dortmund, Stadt",281.0,588250,586810.0,328280.0
106,DEA53,5,"Hagen, Stadt der FernUniversität",160.0,188686,188270.0,98880.0
107,DEA54,5,"Hamm, Stadt",226.0,179916,179150.0,83550.0
108,DEA55,5,"Herne, Stadt",51.0,156449,156430.0,62040.0
109,DEA56,5,Ennepe-Ruhr-Kreis,408.0,324106,324480.0,148710.0
110,DEA57,5,Hochsauerlandkreis,1961.0,259777,261029.0,150040.0
111,DEA58,5,Märkischer Kreis,1061.0,410222,412750.0,219550.0
112,DEA59,5,Olpe,712.0,133955,134790.0,79650.0
113,DEA5A,5,Siegen-Wittgenstein,1133.0,276944,278090.0,159620.0
114,DEA5B,5,Soest,1330.0,301785,301800.0,156220.0
115,DEA5C,5,Unna,543.0,394891,394360.0,180540.0
116,DE711,6,"Darmstadt, Wissenschaftsstadt",122.0,159878,158730.0,137310.0
117,DE712,6,"Frankfurt am Main, Stadt",248.0,763380,749970.0,722510.0
118,DE713,6,"Offenbach am Main, Stadt",45.0,130280,127700.0,68000.0
119,DE714,6,"Wiesbaden, Landeshauptstadt",204.0,278474,278500.0,189030.0
120,DE715,6,Bergstraße,720.0,270340,269240.0,111730.0
121,DE716,6,Darmstadt-Dieburg,659.0,297844,296720.0,112260.0
122,DE717,6,Groß-Gerau,453.0,275726,272970.0,129120.0
123,DE718,6,Hochtaunuskreis,482.0,236914,236280.0,128419.0
124,DE719,6,Main-Kinzig-Kreis,1398.0,420552,418580.0,188210.0
125,DE71A,6,Main-Taunus-Kreis,222.0,238558,237350.0,129600.0
126,DE71B,6,Odenwaldkreis,624.0,96703,96700.0,39990.0
127,DE71C,6,Offenbach,356.0,355813,352890.0,169620.0
128,DE71D,6,Rheingau-Taunus-Kreis,811.0,187160,186880.0,68790.0
129,DE71E,6,Wetteraukreis,1101.0,308339,305890.0,123930.0
130,DE721,6,Gießen,855.0,270688,267970.0,140470.0
131,DE722,6,Lahn-Dill-Kreis,1066.0,253319,253970.0,129780.0
132,DE723,6,Limburg-Weilburg,738.0,171912,172030.0,78350.0
133,DE724,6,Marburg-Biedenkopf,1263.0,247084,246410.0,129229.0
134,DE725,6,Vogelsbergkreis,1459.0,105643,106170.0,46850.0
135,DE731,6,"Kassel, documenta-Stadt",107.0,202137,201160.0,154360.0
136,DE732,6,Fulda,1380.0,223145,222180.0,128430.0
137,DE733,6,Hersfeld-Rotenburg,1097.0,120719,120970.0,63640.0
138,DE734,6,Kassel,1293.0,236764,236650.0,99600.0
139,DE735,6,Schwalm-Eder-Kreis,1539.0,179673,180490.0,79530.0
140,DE736,6,Waldeck-Frankenberg,1848.0,156406,157110.0,86870.0
141,DE737,6,Werra-Meißner-Kreis,1025.0,100629,101060.0,42720.0
142,DEB11,7,"Koblenz, kreisfreie Stadt",105.0,114052,113930.0,108080.0
143,DEB12,7,Ahrweiler,787.0,130086,129320.0,55260.0
144,DEB13,7,Altenkirchen (Westerwald),642.0,128805,128750.0,56450.0
145,DEB14,7,Bad Kreuznach,864.0,158345,157810.0,73720.0
146,DEB15,7,Birkenfeld,777.0,80951,80720.0,39340.0
147,DEB1C,7,Cochem-Zell,711.166,61375,61620.0,31850.0
148,DEB17,7,Mayen-Koblenz,817.0,214434,213910.0,98050.0
149,DEB18,7,Neuwied,627.0,182811,181800.0,85890.0
150,DEB1D,7,Rhein-Hunsrück-Kreis,959.338,103163,102940.0,56550.0
151,DEB1A,7,Rhein-Lahn-Kreis,782.0,122297,122340.0,50880.0
152,DEB1B,7,Westerwaldkreis,989.0,201904,201320.0,100820.0
153,DEB21,7,"Trier, kreisfreie Stadt",117.0,111528,110320.0,79760.0
154,DEB22,7,Bernkastel-Wittlich,1168.0,112483,112200.0,58360.0
155,DEB23,7,Eifelkreis Bitburg-Prüm,1626.0,99058,98390.0,42010.0
156,DEB24,7,Vulkaneifel,911.0,60646,60650.0,31240.0
157,DEB25,7,Trier-Saarburg,1102.0,149398,148740.0,49310.0
158,DEB31,7,"Frankenthal (Pfalz), kreisfreie Stadt",44.0,48762,48490.0,23420.0
159,DEB32,7,"Kaiserslautern, kreisfreie Stadt",140.0,100030,99760.0,72290.0
160,DEB33,7,"Landau in der Pfalz, kreisfreie Stadt",83.0,46881,46480.0,33400.0
161,DEB34,7,"Ludwigshafen am Rhein, kreisfreie Stadt",78.0,172253,169780.0,126710.0
162,DEB35,7,"Mainz, kreisfreie Stadt",98.0,218578,216120.0,158430.0
163,DEB36,7,"Neustadt an der Weinstraße, kreisfreie Stadt",117.0,53264,53250.0,28130.0
164,DEB37,7,"Pirmasens, kreisfreie Stadt",61.0,40231,40520.0,27480.0
165,DEB38,7,"Speyer, kreisfreie Stadt",43.0,50561,50650.0,39710.0
166,DEB39,7,"Worms, kreisfreie Stadt",109.0,83542,83210.0,45040.0
167,DEB3A,7,"Zweibrücken, kreisfreie Stadt",71.0,34193,34240.0,22620.0
168,DEB3B,7,Alzey-Worms,588.0,129687,128880.0,47250.0
169,DEB3C,7,Bad Dürkheim,595.0,132671,132700.0,48880.0
170,DEB3D,7,Donnersbergkreis,645.0,75325,75100.0,31400.0
171,DEB3E,7,Germersheim,463.0,129013,128780.0,59680.0
172,DEB3F,7,Kaiserslautern,640.0,105979,105850.0,34900.0
173,DEB3G,7,Kusel,573.0,70219,70650.0,20030.0
174,DEB3H,7,Südliche Weinstraße,640.0,110521,110490.0,46230.0
175,DEB3I,7,Rhein-Pfalz-Kreis,305.0,154609,153920.0,45680.0
176,DEB3J,7,Mainz-Bingen,605.0,211417,210340.0,80930.0
177,DEB3K,7,Südwestpfalz,953.0,94831,95290.0,24000.0
178,DE111,8,"Stuttgart, Stadtkreis",207.0,635911,633790.0,541640.0
179,DE112,8,Böblingen,618.0,392807,390600.0,233300.0
180,DE113,8,Esslingen,641.0,535024,533150.0,288720.0
181,DE114,8,Göppingen,642.0,258145,256800.0,123230.0
182,DE115,8,Ludwigsburg,687.0,545423,543310.0,268610.0
183,DE116,8,Rems-Murr-Kreis,858.0,427248,425520.0,207920.0
184,DE117,8,"Heilbronn, Stadtkreis",100.0,126592,125540.0,97640.0
185,DE118,8,Heilbronn,1100.0,344456,341920.0,180750.0
186,DE119,8,Hohenlohekreis,777.0,112655,111700.0,72080.0
187,DE11A,8,Schwäbisch Hall,1484.0,196761,195030.0,112950.0
188,DE11B,8,Main-Tauber-Kreis,1304.0,132399,132260.0,78070.0
189,DE11C,8,Heidenheim,627.0,132777,132240.0,67810.0
190,DE11D,8,Ostalbkreis,1512.0,314025,313210.0,171800.0
191,DE121,8,"Baden-Baden, Stadtkreis",140.0,55185,54920.0,42410.0
192,DE122,8,"Karlsruhe, Stadtkreis",173.0,312060,312510.0,240940.0
193,DE123,8,Karlsruhe,1085.0,445101,443450.0,214000.0
194,DE124,8,Rastatt,739.0,231420,230620.0,120290.0
195,DE125,8,"Heidelberg, Stadtkreis",109.0,161485,160480.0,124370.0
196,DE126,8,"Mannheim, Stadtkreis",145.0,310658,308680.0,242630.0
197,DE127,8,Neckar-Odenwald-Kreis,1126.0,143633,143460.0,67480.0
198,DE128,8,Rhein-Neckar-Kreis,1062.0,548355,547190.0,240270.0
199,DE129,8,"Pforzheim, Stadtkreis",98.0,125957,124920.0,77270.0
200,DE12A,8,Calw,797.0,159201,157910.0,67390.0
201,DE12B,8,Enzkreis,574.0,199556,198640.0,85870.0
202,DE12C,8,Freudenstadt,871.0,118243,117700.0,63500.0
203,DE131,8,"Freiburg im Breisgau, Stadtkreis",153.0,231195,229940.0,177250.0
204,DE132,8,Breisgau-Hochschwarzwald,1378.0,263601,262600.0,121300.0
205,DE133,8,Emmendingen,680.0,166408,165050.0,76890.0
206,DE134,8,Ortenaukreis,1862.0,430953,427710.0,250040.0
207,DE135,8,Rottweil,769.0,139878,139160.0,78820.0
208,DE136,8,Schwarzwald-Baar-Kreis,1025.0,212506,211790.0,123400.0
209,DE137,8,Tuttlingen,734.0,140766,139780.0,89570.0
210,DE138,8,Konstanz,818.0,286305,284670.0,148270.0
211,DE139,8,Lörrach,807.0,228736,228480.0,109720.0
212,DE13A,8,Waldshut,1131.0,171003,170410.0,79180.0
213,DE141,8,Reutlingen,1093.0,287034,286250.0,158410.0
214,DE142,8,Tübingen,519.0,228678,226540.0,116880.0
215,DE143,8,Zollernalbkreis,918.0,189363,188550.0,94790.0
216,DE144,8,"Ulm, Stadtkreis",119.0,126790,125960.0,126160.0
217,DE145,8,Alb-Donau-Kreis,1359.0,197076,195340.0,81680.0
218,DE146,8,Biberach,1410.0,201282,199000.0,115570.0
219,DE147,8,Bodenseekreis,665.0,217470,215440.0,126330.0
220,DE148,8,Ravensburg,1631.0,285424,283780.0,166130.0
221,DE149,8,Sigmaringen,1204.0,130849,130530.0,70210.0
222,DE211,9,Ingolstadt,133.0,137392,136110.0,127790.0
223,DE212,9,"München, Landeshauptstadt",311.0,1484226,1463780.0,1129760.0
224,DE213,9,Rosenheim,37.0,63551,63200.0,50190.0
225,DE214,9,Altötting,569.0,111516,110770.0,63100.0
226,DE215,9,Berchtesgadener Land,840.0,105929,105390.0,55500.0
227,DE216,9,Bad Tölz-Wolfratshausen,1111.0,127917,126900.0,56940.0
228,DE217,9,Dachau,579.0,154899,153290.0,63280.0
229,DE218,9,Ebersberg,549.0,143649,141470.0,59550.0
230,DE219,9,Eichstätt,1214.0,132881,131990.0,58650.0
231,DE21A,9,Erding,871.0,138182,137270.0,60480.0
232,DE21B,9,Freising,800.0,180007,178560.0,112030.0
233,DE21C,9,Fürstenfeldbruck,435.0,219311,218580.0,78600.0
234,DE21D,9,Garmisch-Partenkirchen,1012.0,88424,88310.0,45220.0
235,DE21E,9,Landsberg am Lech,804.0,120302,119610.0,56610.0
236,DE21F,9,Miesbach,866.0,100010,99460.0,53060.0
237,DE21G,9,Mühldorf a.Inn,805.0,115872,114870.0,57340.0
238,DE21H,9,München,664.0,350473,347650.0,296770.0
239,DE21I,9,Neuburg-Schrobenhausen,740.0,97303,96420.0,45440.0
240,DE21J,9,Pfaffenhofen a.d.Ilm,761.0,128227,126700.0,59360.0
241,DE21K,9,Rosenheim,1441.0,261330,260220.0,123420.0
242,DE21L,9,Starnberg,488.0,136667,135820.0,72110.0
243,DE21M,9,Traunstein,1535.0,177319,176690.0,95900.0
244,DE21N,9,Weilheim-Schongau,966.0,135478,134800.0,73610.0
245,DE221,9,Landshut,66.0,73411,71800.0,56810.0
246,DE222,9,Passau,70.0,52803,52130.0,54300.0
247,DE223,9,Straubing,68.0,47791,47690.0,41390.0
248,DE224,9,Deggendorf,861.0,119478,119030.0,70060.0
249,DE225,9,Freyung-Grafenau,984.0,78362,78350.0,38260.0
250,DE226,9,Kelheim,1066.0,123058,121690.0,55730.0
251,DE227,9,Landshut,1348.0,159895,157970.0,69330.0
252,DE228,9,Passau,1530.0,192656,191270.0,89670.0
253,DE229,9,Regen,975.0,77410,77570.0,40640.0
254,DE22A,9,Rottal-Inn,1281.0,121502,120520.0,58680.0
255,DE22B,9,Straubing-Bogen,1202.0,101120,100240.0,40650.0
256,DE22C,9,Dingolfing-Landau,878.0,96683,96020.0,67040.0
257,DE231,9,Amberg,50.0,42207,42110.0,36410.0
258,DE232,9,Regensburg,81.0,153094,151750.0,160770.0
259,DE233,9,Weiden i.d.OPf.,71.0,42743,42530.0,41760.0
260,DE234,9,Amberg-Sulzbach,1256.0,103049,102970.0,41080.0
261,DE235,9,Cham,1520.0,127998,127610.0,75380.0
262,DE236,9,Neumarkt i.d.OPf.,1344.0,134573,133100.0,68900.0
263,DE237,9,Neustadt a.d.Waldnaab,1428.0,94450,94420.0,41850.0
264,DE238,9,Regensburg,1392.0,194070,192890.0,69660.0
265,DE239,9,Schwandorf,1464.0,147872,146840.0,79160.0
266,DE23A,9,Tirschenreuth,1084.0,72046,72620.0,36420.0
267,DE241,9,Bamberg,55.0,77373,77390.0,77740.0
268,DE242,9,Bayreuth,67.0,74783,74330.0,67480.0
269,DE243,9,Coburg,48.0,41072,41240.0,42050.0
270,DE244,9,Hof,58.0,45825,45940.0,34460.0
271,DE245,9,Bamberg,1168.0,147163,146840.0,54410.0
272,DE246,9,Bayreuth,1274.0,103664,103730.0,35030.0
273,DE247,9,Coburg,589.0,86747,86900.0,37350.0
274,DE248,9,Forchheim,643.0,116203,115890.0,46250.0
275,DE249,9,Hof,893.0,94801,95540.0,50860.0
276,DE24A,9,Kronach,652.0,66743,67310.0,34740.0
277,DE24B,9,Kulmbach,658.0,71566,71930.0,38040.0
278,DE24C,9,Lichtenfels,520.0,66776,66810.0,37480.0
279,DE24D,9,Wunsiedel i.Fichtelgebirge,606.0,72655,73330.0,39660.0
280,DE251,9,Ansbach,100.0,41798,41750.0,37630.0
281,DE252,9,Erlangen,77.0,112528,111480.0,109360.0
282,DE253,9,Fürth,63.0,128497,127140.0,64000.0
283,DE254,9,Nürnberg,186.0,518370,516780.0,401070.0
284,DE255,9,Schwabach,41.0,40981,40790.0,22610.0
285,DE256,9,Ansbach,1971.0,184591,183600.0,84790.0
286,DE257,9,Erlangen-Höchstadt,565.0,137262,135800.0,68730.0
287,DE258,9,Fürth,308.0,117853,116790.0,36770.0
288,DE259,9,Nürnberger Land,800.0,170792,170060.0,77250.0
289,DE25A,9,Neustadt a.d.Aisch-Bad Windsheim,1268.0,101014,100000.0,48260.0
290,DE25B,9,Roth,895.0,126749,126530.0,56370.0
291,DE25C,9,Weißenburg-Gunzenhausen,971.0,94734,94300.0,46120.0
292,DE261,9,Aschaffenburg,62.0,71002,70230.0,61520.0
293,DE262,9,Schweinfurt,36.0,53426,53740.0,65960.0
294,DE263,9,Würzburg,88.0,127934,127260.0,127840.0
295,DE264,9,Aschaffenburg,699.0,174200,174090.0,73970.0
296,DE265,9,Bad Kissingen,1137.0,103235,103240.0,54430.0
297,DE266,9,Rhön-Grabfeld,1022.0,79635,79740.0,43250.0
298,DE267,9,Haßberge,956.0,84384,84530.0,41340.0
299,DE268,9,Kitzingen,684.0,91155,90670.0,47970.0
300,DE269,9,Miltenberg,716.0,128743,128620.0,61470.0
301,DE26A,9,Main-Spessart,1321.0,126158,126440.0,63770.0
302,DE26B,9,Schweinfurt,842.0,115445,115110.0,38110.0
303,DE26C,9,Würzburg,968.0,162302,161590.0,59340.0
304,DE271,9,Augsburg,147.0,296582,293990.0,198340.0
305,DE272,9,Kaufbeuren,40.0,44398,43690.0,25870.0
306,DE273,9,Kempten (Allgäu),63.0,69151,68620.0,51640.0
307,DE274,9,Memmingen,70.0,44100,43650.0,39360.0
308,DE275,9,Aichach-Friedberg,780.0,134655,133100.0,55100.0
309,DE276,9,Augsburg,1071.0,253468,250690.0,109640.0
310,DE277,9,Dillingen a.d.Donau,792.0,96562,95590.0,47870.0
311,DE278,9,Günzburg,762.0,127027,125130.0,69860.0
312,DE279,9,Neu-Ulm,516.0,175204,173370.0,91020.0
313,DE27A,9,Lindau (Bodensee),323.0,81981,81410.0,45290.0
314,DE27B,9,Ostallgäu,1395.0,141182,139800.0,69510.0
315,DE27C,9,Unterallgäu,1230.0,145341,143290.0,73010.0
316,DE27D,9,Donau-Ries,1275.0,133783,133270.0,83150.0
317,DE27E,9,Oberallgäu,1529.0,156008,154970.0,78400.0
318,DEC01,10,Regionalverband Saarbrücken,411.0,328714,329930.0,210980.0
319,DEC02,10,Merzig-Wadern,555.0,103243,103510.0,44590.0
320,DEC03,10,Neunkirchen,249.0,131408,132750.0,55590.0
321,DEC04,10,Saarlouis,459.0,194319,195510.0,98930.0
322,DEC05,10,Saarpfalz-Kreis,419.0,142196,143020.0,85510.0
323,DEC06,10,St. Wendel,476.0,87007,87630.0,38890.0
324,DE300,11,Berlin,892.0,3669491,3629170.0,2022880.0
325,,11,Berlin Mitte,39.4,385748,,
326,,11,Berlin Friedrichshain-Kreuzberg,20.4,290386,,
327,,11,Berlin Pankow,103.22,409335,,
328,,11,Berlin Charlottenburg-Wilmersdorf,64.69,343592,,
329,,11,Berlin Spandau,91.88,245197,,
330,,11,Berlin Steglitz-Zehlendorf,102.56,310071,,
331,,11,Berlin Tempelhof-Schöneberg,53.05,350984,,
332,,11,Berlin Neukölln,44.93,329917,,
333,,11,Berlin Treptow-Köpenick,167.73,273689,,
334,,11,Berlin Marzahn-Hellersdorf,61.82,269967,,
335,,11,Berlin Lichtenberg,52.12,294201,,
336,,11,Berlin Reinickendorf,89.32,266408,,
337,DE401,12,"Brandenburg an der Havel, Stadt",230.0,72184,72010.0,39100.0
338,DE402,12,"Cottbus, Stadt",165.0,99678,100630.0,62570.0
339,DE403,12,"Frankfurt (Oder), Stadt",148.0,57751,58060.0,38370.0
340,DE404,12,"Potsdam, Stadt",188.0,180334,176900.0,115090.0
341,DE405,12,Barnim,1480.0,185244,181810.0,67960.0
342,DE406,12,Dahme-Spreewald,2274.0,170791,168190.0,78450.0
343,DE407,12,Elbe-Elster,1900.0,101827,103050.0,44580.0
344,DE408,12,Havelland,1727.0,162996,161310.0,59120.0
345,DE409,12,Märkisch-Oderland,2159.0,195751,193630.0,69720.0
346,DE40A,12,Oberhavel,1808.0,212914,210570.0,78610.0
347,DE40B,12,Oberspreewald-Lausitz,1223.0,109371,110800.0,49720.0
348,DE40C,12,Oder-Spree,2257.0,178803,178500.0,72890.0
349,DE40D,12,Ostprignitz-Ruppin,2527.0,98861,99220.0,46980.0
350,DE40E,12,Potsdam-Mittelmark,2592.0,216566,213940.0,89360.0
351,DE40F,12,Prignitz,2138.0,76158,76890.0,34860.0
352,DE40G,12,Spree-Neiße,1657.0,113720,114940.0,45460.0
353,DE40H,12,Teltow-Fläming,2104.0,169997,167590.0,80100.0
354,DE40I,12,Uckermark,3077.0,118947,119950.0,51670.0
355,DE803,13,Rostock,181.0,209191,208650.0,118230.0
356,DE804,13,Schwerin,131.0,95653,95810.0,65920.0
357,DE80J,13,Mecklenburgische Seenplatte,5470.0,258074,259850.0,123060.0
358,DE80K,13,Landkreis Rostock,3423.0,215794,214870.0,92400.0
359,DE80L,13,Vorpommern-Rügen,3207.0,224702,224900.0,99120.0
360,DE80M,13,Nordwestmecklenburg,2119.0,157322,156860.0,61800.0
361,DE80N,13,Vorpommern-Greifswald,3930.0,235623,236880.0,108140.0
362,DE80O,13,Ludwigslust-Parchim,4752.0,211779,212570.0,86660.0
363,DED41,14,"Chemnitz, Stadt",221.0,246334,247050.0,148270.0
364,DED42,14,Erzgebirgskreis,1828.0,334948,339040.0,153380.0
365,DED43,14,Mittelsachsen,2114.0,304099,307170.0,141200.0
366,DED44,14,Vogtlandkreis,1412.0,225997,228690.0,106210.0
367,DED45,14,Zwickau,949.0,315002,318760.0,159330.0
368,DED21,14,"Dresden, Stadt",328.0,556780,552860.0,336990.0
369,DED2C,14,Bautzen,2391.0,299758,301760.0,145080.0
370,DED2D,14,Görlitz,2106.0,252725,255740.0,114680.0
371,DED2E,14,Meißen,1452.0,241717,242510.0,114230.0
372,DED2F,14,Sächsische Schweiz-Osterzgebirge,1654.0,245586,245520.0,103120.0
373,DED51,14,"Leipzig, Stadt",297.0,593145,584920.0,342520.0
374,DED52,14,Leipzig,1647.0,258139,257890.0,102410.0
375,DED53,14,Nordsachsen,2021.0,197741,197730.0,93200.0
376,DEE01,15,"Dessau-Roßlau, Stadt",245.0,80103,81670.0,42120.0
377,DEE02,15,"Halle (Saale), Stadt",135.0,238762,239220.0,124540.0
378,DEE03,15,"Magdeburg, Landeshauptstadt",201.0,237565,238590.0,138430.0
379,DEE04,15,Altmarkkreis Salzwedel,2293.0,83173,84110.0,35460.0
380,DEE05,15,Anhalt-Bitterfeld,1453.0,158486,160560.0,70100.0
381,DEE07,15,Börde,2367.0,170923,172180.0,73830.0
382,DEE08,15,Burgenlandkreis,1414.0,178846,181080.0,73820.0
383,DEE09,15,Harz,2104.0,213310,215370.0,92380.0
384,DEE06,15,Jerichower Land,1577.0,89589,90200.0,37450.0
385,DEE0A,15,Mansfeld-Südharz,1449.0,134942,137130.0,52600.0
386,DEE0B,15,Saalekreis,1434.0,183815,185040.0,84380.0
387,DEE0C,15,Salzlandkreis,1427.0,189125,191650.0,79730.0
388,DEE0D,15,Stendal,2423.0,111190,112580.0,46560.0
389,DEE0E,15,Wittenberg,1930.0,124953,126330.0,53150.0
390,DEG01,16,"Erfurt, Stadt",270.0,213981,213340.0,141830.0
391,DEG02,16,"Gera, Stadt",152.0,93125,94510.0,48370.0
392,DEG03,16,"Jena, Stadt",115.0,111343,111250.0,71950.0
393,DEG04,16,"Suhl, Stadt",103.0,36789,35000.0,21430.0
394,DEG05,16,"Weimar, Stadt",84.0,65228,64760.0,34220.0
395,DEG0N,16,"Eisenach, Stadt",104.0,42250,42540.0,28150.0
396,DEG06,16,Eichsfeld,943.0,100006,100510.0,46410.0
397,DEG07,16,Nordhausen,714.0,83416,84260.0,39110.0
398,DEG0P,16,Wartburgkreis,1307.0,118974,123400.0,53720.0
399,DEG09,16,Unstrut-Hainich-Kreis,980.0,102232,103210.0,47370.0
400,DEG0A,16,Kyffhäuserkreis,1038.0,74212,75410.0,28680.0
401,DEG0B,16,Schmalkalden-Meiningen,1211.0,124916,122650.0,59240.0
402,DEG0C,16,Gotha,936.0,134908,135490.0,64840.0
403,DEG0D,16,Sömmerda,807.0,69427,69840.0,30000.0
404,DEG0E,16,Hildburghausen,938.0,63197,63740.0,25450.0
405,DEG0F,16,Ilm-Kreis,844.0,106249,108790.0,49760.0
406,DEG0G,16,Weimarer Land,805.0,82156,82040.0,33530.0
407,DEG0H,16,Sonneberg,434.0,57717,56280.0,28070.0
408,DEG0I,16,Saalfeld-Rudolstadt,1036.0,103199,106860.0,46860.0
409,DEG0J,16,Saale-Holzland-Kreis,815.0,82950,83020.0,34420.0
410,DEG0K,16,Saale-Orla-Kreis,1151.0,80312,81190.0,38800.0
411,DEG0L,16,Greiz,846.0,97398,98720.0,39300.0
412,DEG0M,16,Altenburger Land,569.0,89393,90380.0,35880.0
